{"count":1,"self":499.6743168,"total":1696.1691764999998,"children":{"InitializeActuators":{"count":1,"self":0.0019982,"total":0.0019982,"children":null},"InitializeSensors":{"count":1,"self":0.0041034999999999995,"total":0.0041034999999999995,"children":null},"AgentSendState":{"count":560384,"self":14.896537599999998,"total":95.87367789999999,"children":{"CollectObservations":{"count":112077,"self":1.3630471,"total":1.3630471,"children":null},"WriteActionMask":{"count":112077,"self":0.570259,"total":0.570259,"children":null},"RequestDecision":{"count":112077,"self":2.377764,"total":79.043833499999991,"children":{"AgentInfo.ToProto":{"count":112077,"self":2.7635313999999997,"total":76.6660694,"children":{"GenerateSensorData":{"count":112077,"self":72.891648,"total":73.902537999999993,"children":{"RayPerceptionSensor.Perceive":{"count":112077,"self":1.0108892999999999,"total":1.0108892999999999,"children":null}}}}}}}}},"DecideAction":{"count":560384,"self":1094.9421055999999,"total":1094.9421406,"children":null},"AgentAct":{"count":560384,"self":4.3547867999999994,"total":4.3547869,"children":null},"AgentInfo.ToProto":{"count":2307,"self":0.077303,"total":1.316136,"children":{"GenerateSensorData":{"count":2307,"self":1.2115748,"total":1.2388329999999999,"children":{"RayPerceptionSensor.Perceive":{"count":2307,"self":0.0272582,"total":0.0272582,"children":null}}}}}},"gauges":{"My Behavior.CumulativeReward":{"count":2307,"max":-1,"min":-1,"runningAverage":-1,"value":-1,"weightedAverage":-1}},"metadata":{"timer_format_version":"0.1.0","start_time_seconds":"1653569523","unity_version":"2020.3.32f1","command_line_arguments":"C:\\Program Files\\Unity 2019.4.33f1\\2019.4.34f1\\2020.3.32f1\\Editor\\Unity.exe -projectpath C:\\3D game\\jumper\\jumper-JorikVL-BVI -useHub -hubIPC -cloudEnvironment production -licensingIpc LicenseClient-bvani -hubSessionId 7e8e4da0-dc12-11ec-a5ee-555408cdbdbf -accessToken 1JgLbJrYXSuyqAZ1PwH0-A0pfUnJGq3m2NeDP5KPFMs008f","communication_protocol_version":"1.5.0","com.unity.ml-agents_version":"2.0.1","scene_name":"horsy","end_time_seconds":"1653571219"}}