{
    "name": "root",
    "gauges": {
        "jumpAgent.Policy.Entropy.mean": {
            "value": 1.4093126058578491,
            "min": 1.4093126058578491,
            "max": 1.4093126058578491,
            "count": 1
        },
        "jumpAgent.Policy.Entropy.sum": {
            "value": 7063.474609375,
            "min": 7063.474609375,
            "max": 7063.474609375,
            "count": 1
        },
        "jumpAgent.Environment.EpisodeLength.mean": {
            "value": 48.48,
            "min": 48.48,
            "max": 48.48,
            "count": 1
        },
        "jumpAgent.Environment.EpisodeLength.sum": {
            "value": 4848.0,
            "min": 4848.0,
            "max": 4848.0,
            "count": 1
        },
        "jumpAgent.Step.mean": {
            "value": 4948.0,
            "min": 4948.0,
            "max": 4948.0,
            "count": 1
        },
        "jumpAgent.Step.sum": {
            "value": 4948.0,
            "min": 4948.0,
            "max": 4948.0,
            "count": 1
        },
        "jumpAgent.Policy.ExtrinsicValueEstimate.mean": {
            "value": -0.7429811358451843,
            "min": -0.7429811358451843,
            "max": -0.7429811358451843,
            "count": 1
        },
        "jumpAgent.Policy.ExtrinsicValueEstimate.sum": {
            "value": -95.1015853881836,
            "min": -95.1015853881836,
            "max": -95.1015853881836,
            "count": 1
        },
        "jumpAgent.Environment.CumulativeReward.mean": {
            "value": -1.0,
            "min": -1.0,
            "max": -1.0,
            "count": 1
        },
        "jumpAgent.Environment.CumulativeReward.sum": {
            "value": -100.0,
            "min": -100.0,
            "max": -100.0,
            "count": 1
        },
        "jumpAgent.Policy.ExtrinsicReward.mean": {
            "value": -1.0,
            "min": -1.0,
            "max": -1.0,
            "count": 1
        },
        "jumpAgent.Policy.ExtrinsicReward.sum": {
            "value": -100.0,
            "min": -100.0,
            "max": -100.0,
            "count": 1
        },
        "jumpAgent.Losses.PolicyLoss.mean": {
            "value": 0.247215068931201,
            "min": 0.247215068931201,
            "max": 0.247215068931201,
            "count": 1
        },
        "jumpAgent.Losses.PolicyLoss.sum": {
            "value": 9.641387688316838,
            "min": 9.641387688316838,
            "max": 9.641387688316838,
            "count": 1
        },
        "jumpAgent.Losses.ValueLoss.mean": {
            "value": 0.03254384571345575,
            "min": 0.03254384571345575,
            "max": 0.03254384571345575,
            "count": 1
        },
        "jumpAgent.Losses.ValueLoss.sum": {
            "value": 1.2692099828247743,
            "min": 1.2692099828247743,
            "max": 1.2692099828247743,
            "count": 1
        },
        "jumpAgent.Policy.LearningRate.mean": {
            "value": 0.00029962371166389096,
            "min": 0.00029962371166389096,
            "max": 0.00029962371166389096,
            "count": 1
        },
        "jumpAgent.Policy.LearningRate.sum": {
            "value": 0.011685324754891747,
            "min": 0.011685324754891747,
            "max": 0.011685324754891747,
            "count": 1
        },
        "jumpAgent.Policy.Epsilon.mean": {
            "value": 0.19987457051282054,
            "min": 0.19987457051282054,
            "max": 0.19987457051282054,
            "count": 1
        },
        "jumpAgent.Policy.Epsilon.sum": {
            "value": 7.795108250000001,
            "min": 7.795108250000001,
            "max": 7.795108250000001,
            "count": 1
        },
        "jumpAgent.Policy.Beta.mean": {
            "value": 0.0005000000000000001,
            "min": 0.0005000000000000001,
            "max": 0.0005000000000000001,
            "count": 1
        },
        "jumpAgent.Policy.Beta.sum": {
            "value": 0.019500000000000003,
            "min": 0.019500000000000003,
            "max": 0.019500000000000003,
            "count": 1
        },
        "jumpAgent.IsTraining.mean": {
            "value": 1.0,
            "min": 1.0,
            "max": 1.0,
            "count": 1
        },
        "jumpAgent.IsTraining.sum": {
            "value": 1.0,
            "min": 1.0,
            "max": 1.0,
            "count": 1
        }
    },
    "metadata": {
        "timer_format_version": "0.1.0",
        "start_time_seconds": "1654007061",
        "python_version": "3.9.7 (default, Sep 16 2021, 16:59:28) [MSC v.1916 64 bit (AMD64)]",
        "command_line_arguments": "C:\\ProgramData\\Anaconda3\\Scripts\\mlagents-learn config/jump_agent.yaml --run-id=firstjump --force",
        "mlagents_version": "0.28.0",
        "mlagents_envs_version": "0.28.0",
        "communication_protocol_version": "1.5.0",
        "pytorch_version": "1.8.2+cu111",
        "numpy_version": "1.20.3",
        "end_time_seconds": "1654007287"
    },
    "total": 225.9383909,
    "count": 1,
    "self": 0.009776700000003302,
    "children": {
        "run_training.setup": {
            "total": 0.2371489,
            "count": 1,
            "self": 0.2371489
        },
        "TrainerController.start_learning": {
            "total": 225.6914653,
            "count": 1,
            "self": 0.19251959999976975,
            "children": {
                "TrainerController._reset_env": {
                    "total": 9.1077534,
                    "count": 1,
                    "self": 9.1077534
                },
                "TrainerController.advance": {
                    "total": 215.97955210000023,
                    "count": 6173,
                    "self": 0.19409330000004843,
                    "children": {
                        "env_step": {
                            "total": 174.9717674999991,
                            "count": 6173,
                            "self": 128.00691479999816,
                            "children": {
                                "SubprocessEnvManager._take_step": {
                                    "total": 46.835778000001284,
                                    "count": 6173,
                                    "self": 0.6895323000001312,
                                    "children": {
                                        "TorchPolicy.evaluate": {
                                            "total": 46.14624570000115,
                                            "count": 6064,
                                            "self": 17.415246200001476,
                                            "children": {
                                                "TorchPolicy.sample_actions": {
                                                    "total": 28.730999499999676,
                                                    "count": 6064,
                                                    "self": 28.730999499999676
                                                }
                                            }
                                        }
                                    }
                                },
                                "workers": {
                                    "total": 0.12907469999964505,
                                    "count": 6172,
                                    "self": 0.0,
                                    "children": {
                                        "worker_root": {
                                            "total": 154.70787669999913,
                                            "count": 6172,
                                            "is_parallel": true,
                                            "self": 99.59363619999957,